f,s11r,s11c,s12r,s12c,e,f,g,h
50000,-0.103357184,-0.034840184,0.89090752,0.007634495,0,0,0,0
50689,-0.103358608,-0.034276348,0.892303872,0.007319505,0,0,0,0
51379,-0.103752848,-0.03323641,0.891595584,0.005379794,0,0,0,0
52068,-0.103656584,-0.032233302,0.891873024,0.004540176,0,0,0,0
52757,-0.103718528,-0.030903562,0.891765504,0.004027953,0,0,0,0
53447,-0.103549048,-0.030305484,0.891707776,0.00227222,0,0,0,0
54136,-0.103882656,-0.02939368,0.892775424,0.000851433,0,0,0,0
54826,-0.10387452,-0.028418998,0.892850752,0.000211466,0,0,0,0
55515,-0.103920608,-0.02748608,0.892340736,-0.0006756,0,0,0,0
56204,-0.103905056,-0.026448254,0.892604288,-0.001682237,0,0,0,0
56894,-0.103919784,-0.025834152,0.893210304,-0.003140572,0,0,0,0
57583,-0.103662184,-0.024915272,0.89264352,-0.003974738,0,0,0,0
58272,-0.103969104,-0.023616742,0.892139584,-0.00506684,0,0,0,0
58962,-0.104036776,-0.023914206,0.892859968,-0.005460546,0,0,0,0
59651,-0.1044766,-0.022850236,0.89299872,-0.00587647,0,0,0,0
60340,-0.10372048,-0.020542176,0.893238144,-0.006421118,0,0,0,0
61030,-0.10437776,-0.021653182,0.892567616,-0.007934982,0,0,0,0
61719,-0.104149176,-0.020125512,0.89299104,-0.009277593,0,0,0,0
62408,-0.104203992,-0.01943225,0.892737088,-0.009256869,0,0,0,0
63098,-0.104179624,-0.018542876,0.89341376,-0.011039778,0,0,0,0
63787,-0.104425592,-0.017993244,0.893147648,-0.011436725,0,0,0,0
64477,-0.104481256,-0.01723295,0.893346048,-0.012314994,0,0,0,0
65166,-0.104439568,-0.016755786,0.893208512,-0.013196322,0,0,0,0
65855,-0.10463108,-0.016160926,0.89308096,-0.013496995,0,0,0,0
66545,-0.104634624,-0.015526801,0.89330592,-0.014697883,0,0,0,0
67234,-0.104486128,-0.015053091,0.893321664,-0.015233946,0,0,0,0
67923,-0.10430288,-0.014212182,0.893032704,-0.016158084,0,0,0,0
68613,-0.104538664,-0.013450881,0.893648448,-0.016836706,0,0,0,0
69302,-0.104680424,-0.012929485,0.893728512,-0.017378626,0,0,0,0
69991,-0.1043674,-0.012488462,0.893547456,-0.017824186,0,0,0,0
70681,-0.104537824,-0.011762024,0.893574592,-0.018713276,0,0,0,0
71370,-0.104504032,-0.011689862,0.89339936,-0.01840619,0,0,0,0
72060,-0.104642792,-0.011445363,0.893721472,-0.019487254,0,0,0,0
72749,-0.104449472,-0.009848323,0.893558464,-0.020324396,0,0,0,0
73438,-0.104773248,-0.010225324,0.893775616,-0.021522638,0,0,0,0
74128,-0.10480208,-0.009327709,0.894291264,-0.02224652,0,0,0,0
74817,-0.104703944,-0.008678925,0.893717376,-0.022596116,0,0,0,0
75506,-0.104715424,-0.008277598,0.893802432,-0.022962342,0,0,0,0
76196,-0.104621272,-0.007790033,0.89379808,-0.023619636,0,0,0,0
76885,-0.104728944,-0.007436903,0.89375648,-0.024121348,0,0,0,0
77574,-0.104855424,-0.007142639,0.893635712,-0.024940786,0,0,0,0
78264,-0.104663256,-0.006733326,0.893776064,-0.025246788,0,0,0,0
78953,-0.104783128,-0.005970968,0.893692928,-0.025758074,0,0,0,0
79642,-0.10476128,-0.005820252,0.89392928,-0.02632488,0,0,0,0
80332,-0.104754936,-0.005114374,0.894017344,-0.026931968,0,0,0,0
81021,-0.104753176,-0.004729352,0.89394976,-0.027310738,0,0,0,0
81711,-0.104629856,-0.004442788,0.893975488,-0.027731716,0,0,0,0
82400,-0.104678976,-0.004145712,0.89423808,-0.02813031,0,0,0,0
83089,-0.105096568,-0.003523765,0.893388288,-0.028617622,0,0,0,0
83779,-0.104873416,-0.002714961,0.893631936,-0.029023514,0,0,0,0
84468,-0.10470244,-0.003022569,0.893532608,-0.02955585,0,0,0,0
85157,-0.104952024,-0.002534127,0.893655808,-0.03039101,0,0,0,0
85847,-0.104750992,-0.002177369,0.89411456,-0.030498072,0,0,0,0
86536,-0.104648504,-0.001774864,0.894032576,-0.03100129,0,0,0,0
87225,-0.10485024,-0.001390765,0.893700352,-0.03171425,0,0,0,0
87915,-0.104779248,-0.001044459,0.894053312,-0.03209278,0,0,0,0
88604,-0.10487928,-0.000597322,0.893812672,-0.032450374,0,0,0,0
89294,-0.104870928,-0.000343104,0.893704,-0.032589824,0,0,0,0
89983,-0.105003448,0.00014596,0.89391616,-0.033363712,0,0,0,0
90672,-0.104874344,0.000257972,0.89374272,-0.033600684,0,0,0,0
91362,-0.104911576,0.000741685,0.89401728,-0.034045112,0,0,0,0
92051,-0.104885696,0.000817262,0.894160384,-0.034381252,0,0,0,0
92740,-0.104788136,0.001248774,0.893973568,-0.03470718,0,0,0,0
93430,-0.10479468,0.001412804,0.894267264,-0.035188996,0,0,0,0
94119,-0.104940712,0.001808912,0.894287808,-0.035490028,0,0,0,0
94808,-0.104868248,0.002455395,0.893847872,-0.036024192,0,0,0,0
95498,-0.104737496,0.002545988,0.893661248,-0.036169356,0,0,0,0
96187,-0.104660248,0.002390192,0.893982464,-0.036523852,0,0,0,0
96876,-0.104999544,0.003268274,0.893786752,-0.03680368,0,0,0,0
97566,-0.104875848,0.003376991,0.893855168,-0.037360152,0,0,0,0
98255,-0.104899008,0.00355682,0.894281088,-0.037957748,0,0,0,0
98945,-0.10502388,0.003905658,0.894017408,-0.038101068,0,0,0,0
99634,-0.104849576,0.004287927,0.894314304,-0.03847386,0,0,0,0
100323,-0.104763752,0.004519974,0.894071488,-0.038874736,0,0,0,0
101013,-0.10478076,0.004688888,0.89452352,-0.039205228,0,0,0,0
101702,-0.104863472,0.005042971,0.893850496,-0.039515956,0,0,0,0
102391,-0.104936552,0.005422476,0.893941504,-0.039830008,0,0,0,0
103081,-0.10492732,0.005331014,0.89397504,-0.040248008,0,0,0,0
103770,-0.104956768,0.005680378,0.894262272,-0.040590544,0,0,0,0
104459,-0.104907912,0.00602447,0.894052416,-0.040922248,0,0,0,0
105149,-0.104855608,0.006158462,0.894094976,-0.041172516,0,0,0,0
105838,-0.104905944,0.006624943,0.894088192,-0.041326736,0,0,0,0
106528,-0.104822448,0.006687944,0.893902976,-0.04166438,0,0,0,0
107217,-0.10491672,0.0066874,0.893855552,-0.042044868,0,0,0,0
107906,-0.104941704,0.006962113,0.894057088,-0.04199208,0,0,0,0
108596,-0.10511336,0.007403719,0.894181184,-0.04257116,0,0,0,0
109285,-0.104813864,0.007660678,0.893866048,-0.042709012,0,0,0,0
109974,-0.104961344,0.007834764,0.893800704,-0.04320612,0,0,0,0
110664,-0.104886928,0.00796655,0.894028096,-0.043684596,0,0,0,0
111353,-0.104855616,0.008273296,0.894145344,-0.043609612,0,0,0,0
112042,-0.104842408,0.008515547,0.894132032,-0.044168836,0,0,0,0
112732,-0.104973448,0.008755269,0.894297216,-0.044269516,0,0,0,0
113421,-0.104839952,0.008793207,0.894299392,-0.04469422,0,0,0,0
114110,-0.10490008,0.009192782,0.89445984,-0.044988904,0,0,0,0
114800,-0.104960048,0.00931833,0.893911808,-0.045055996,0,0,0,0
115489,-0.104998488,0.009514822,0.89411232,-0.045536364,0,0,0,0
116179,-0.104895112,0.009629006,0.894250944,-0.045755236,0,0,0,0
116868,-0.104983088,0.009918147,0.894053632,-0.04609092,0,0,0,0
117557,-0.104977488,0.010169418,0.89395264,-0.04610394,0,0,0,0
118247,-0.1047766,0.010299794,0.8937712,-0.046431444,0,0,0,0
118936,-0.104855328,0.010244364,0.894233088,-0.046683676,0,0,0,0
118936,-0.104924176,0.01045262,0.894205952,-0.046765456,0,0,0,0
120576,-0.104691616,0.010782759,0.893163264,-0.047340248,0,0,0,0
122216,-0.104895,0.011333,0.893884288,-0.04785528,0,0,0,0
123855,-0.104940784,0.011751825,0.894075776,-0.048531448,0,0,0,0
125495,-0.104934472,0.012379194,0.893776256,-0.048980632,0,0,0,0
127135,-0.104902216,0.012501495,0.893856768,-0.049431716,0,0,0,0
128775,-0.104902392,0.01302312,0.893785152,-0.049989928,0,0,0,0
130415,-0.104752712,0.013038304,0.893945472,-0.050767172,0,0,0,0
132054,-0.105043624,0.013680719,0.893045888,-0.051055512,0,0,0,0
133694,-0.104876344,0.013988559,0.893855808,-0.051727808,0,0,0,0
135334,-0.104721152,0.014262041,0.893408064,-0.052106852,0,0,0,0
136974,-0.104918576,0.014643237,0.893819648,-0.05258774,0,0,0,0
138613,-0.104792592,0.01484434,0.89352256,-0.052917324,0,0,0,0
140253,-0.104833552,0.015211624,0.893673152,-0.053558524,0,0,0,0
141893,-0.104715328,0.015451333,0.893896,-0.054042988,0,0,0,0
143533,-0.104725032,0.01582297,0.894451968,-0.054591008,0,0,0,0
145173,-0.104719392,0.016055381,0.89408992,-0.054749704,0,0,0,0
146812,-0.104797768,0.016603213,0.893366976,-0.055294476,0,0,0,0
148452,-0.104807032,0.016617802,0.893890112,-0.05558428,0,0,0,0
150092,-0.104865848,0.01707079,0.893185408,-0.056085524,0,0,0,0
151732,-0.10477676,0.017269108,0.893718592,-0.056694588,0,0,0,0
153372,-0.10495484,0.01749201,0.893729344,-0.056895572,0,0,0,0
155011,-0.104911072,0.017895504,0.8938528,-0.057256848,0,0,0,0
156651,-0.10476252,0.018013662,0.893773376,-0.057569888,0,0,0,0
158291,-0.104771496,0.018196848,0.89370848,-0.058064612,0,0,0,0
159931,-0.10471828,0.01853907,0.893529472,-0.0584043,0,0,0,0
161571,-0.104720904,0.018810218,0.893414976,-0.058631084,0,0,0,0
163210,-0.104753968,0.019109176,0.893759104,-0.05922286,0,0,0,0
164850,-0.104875216,0.019258478,0.893152832,-0.059552996,0,0,0,0
166490,-0.10475308,0.01944027,0.893655488,-0.059716624,0,0,0,0
168130,-0.104591072,0.019597022,0.894271104,-0.06023534,0,0,0,0
169769,-0.10480044,0.019804178,0.893512192,-0.060586584,0,0,0,0
171409,-0.104600944,0.020106394,0.893646464,-0.060880516,0,0,0,0
173049,-0.10462536,0.020237926,0.89355744,-0.061166308,0,0,0,0
174689,-0.104696992,0.020436948,0.893603008,-0.061442444,0,0,0,0
176329,-0.10466072,0.020588598,0.893186432,-0.062102772,0,0,0,0
177968,-0.104775256,0.020774364,0.893340288,-0.062241588,0,0,0,0
179608,-0.104426824,0.021054786,0.8928192,-0.062292008,0,0,0,0
181248,-0.104586848,0.021101142,0.893445248,-0.062748524,0,0,0,0
182888,-0.10470416,0.021317408,0.893241088,-0.063310156,0,0,0,0
184528,-0.104559608,0.021700864,0.893158912,-0.063199,0,0,0,0
186167,-0.104625664,0.02168077,0.893406272,-0.063693412,0,0,0,0
187807,-0.10462496,0.021880702,0.893409536,-0.063859264,0,0,0,0
189447,-0.1045136,0.021985618,0.893264832,-0.064415672,0,0,0,0
191087,-0.10465664,0.02219001,0.8927888,-0.064486332,0,0,0,0
192727,-0.10464528,0.022396564,0.8936672,-0.06505774,0,0,0,0
194366,-0.104506464,0.022250994,0.893349632,-0.064896324,0,0,0,0
196006,-0.104676176,0.022605114,0.89295584,-0.065451124,0,0,0,0
197646,-0.104598144,0.022732738,0.89271776,-0.065634892,0,0,0,0
199286,-0.104567672,0.02284635,0.893093376,-0.06594284,0,0,0,0
200926,-0.104499208,0.023032472,0.892979136,-0.06601634,0,0,0,0
202565,-0.104579768,0.02308483,0.89311424,-0.066551104,0,0,0,0
204205,-0.10442244,0.023186522,0.892904128,-0.06672504,0,0,0,0
205845,-0.104509824,0.023361,0.893100544,-0.0671622,0,0,0,0
207485,-0.10452732,0.023546018,0.8930384,-0.06717432,0,0,0,0
209124,-0.104585264,0.0236166,0.893019968,-0.067517312,0,0,0,0
210764,-0.104627776,0.023841336,0.892982336,-0.067623768,0,0,0,0
212404,-0.104561968,0.023840914,0.892926656,-0.06804124,0,0,0,0
214044,-0.10455512,0.024039624,0.892902144,-0.068138368,0,0,0,0
215684,-0.104643528,0.024141964,0.893305344,-0.068605584,0,0,0,0
217323,-0.104504752,0.024276302,0.89269408,-0.068679808,0,0,0,0
218963,-0.10440524,0.024326766,0.89318112,-0.068831272,0,0,0,0
220603,-0.104565656,0.024664236,0.892892224,-0.069323632,0,0,0,0
222243,-0.104520848,0.024750408,0.892957952,-0.069553856,0,0,0,0
223883,-0.104467312,0.024709174,0.892872576,-0.069698344,0,0,0,0
225522,-0.104621664,0.02475547,0.892678528,-0.06980468,0,0,0,0
227162,-0.104475768,0.025005064,0.8929376,-0.070122624,0,0,0,0
228802,-0.104537368,0.024998612,0.892356032,-0.07028812,0,0,0,0
230442,-0.104516704,0.025009546,0.8928944,-0.07047124,0,0,0,0
232082,-0.1044788,0.025210426,0.892830976,-0.070708616,0,0,0,0
233721,-0.10435368,0.025153968,0.89263584,-0.071138704,0,0,0,0
235361,-0.104504512,0.025507596,0.892614976,-0.071024192,0,0,0,0
237001,-0.104595824,0.025605094,0.892715584,-0.071457704,0,0,0,0
238641,-0.104464872,0.025555546,0.89264704,-0.071566848,0,0,0,0
240280,-0.104608,0.025655704,0.893375488,-0.071958216,0,0,0,0
241920,-0.104400608,0.025802718,0.892738752,-0.071848216,0,0,0,0
243560,-0.104509296,0.025868856,0.892755904,-0.072238656,0,0,0,0
245200,-0.104410528,0.025877358,0.892707904,-0.072409936,0,0,0,0
246840,-0.104507792,0.025967322,0.892619968,-0.072706568,0,0,0,0
248479,-0.104379936,0.026045262,0.892594368,-0.072867688,0,0,0,0
250119,-0.1044154,0.02604818,0.89261408,-0.07306896,0,0,0,0
251759,-0.104357152,0.026320896,0.892058496,-0.07306044,0,0,0,0
253399,-0.104434968,0.026366888,0.89264288,-0.073413768,0,0,0,0
255039,-0.10451248,0.026416136,0.892650752,-0.073597088,0,0,0,0
256678,-0.10469252,0.026455014,0.892500096,-0.073847072,0,0,0,0
258318,-0.104396176,0.026721548,0.892671424,-0.074125672,0,0,0,0
259958,-0.104493144,0.026550802,0.89269024,-0.07419756,0,0,0,0
261598,-0.104415496,0.02672553,0.892456768,-0.07455192,0,0,0,0
263238,-0.10450068,0.026746502,0.892983168,-0.074666592,0,0,0,0
264877,-0.104342912,0.026737398,0.892526464,-0.074791128,0,0,0,0
266517,-0.10448452,0.02696536,0.892584064,-0.075054328,0,0,0,0
268157,-0.104396288,0.027029204,0.892516096,-0.075210896,0,0,0,0
269797,-0.104450608,0.027006984,0.892717056,-0.075368424,0,0,0,0
271436,-0.104339944,0.027127172,0.892525312,-0.075469896,0,0,0,0
273076,-0.104558336,0.027102802,0.89243072,-0.075677456,0,0,0,0
274716,-0.104471704,0.027421992,0.892208576,-0.075985208,0,0,0,0
276356,-0.104282864,0.027185616,0.892279808,-0.076274,0,0,0,0
277996,-0.104351424,0.027483788,0.892393536,-0.076240912,0,0,0,0
279635,-0.10439288,0.027384638,0.89249696,-0.076419672,0,0,0,0
281275,-0.104396952,0.02752664,0.8923888,-0.076617376,0,0,0,0
282915,-0.104467968,0.02764935,0.892396672,-0.076888904,0,0,0,0
282915,-0.104376864,0.027614394,0.892209984,-0.076770712,0,0,0,0
286816,-0.104471552,0.027541,0.89232576,-0.07718512,0,0,0,0
290716,-0.104543072,0.027644518,0.892416512,-0.077737072,0,0,0,0
294617,-0.104343112,0.027938346,0.89230304,-0.077957952,0,0,0,0
298517,-0.104449984,0.028070066,0.892089792,-0.078467728,0,0,0,0
302418,-0.10437,0.027992302,0.892146432,-0.078764656,0,0,0,0
306319,-0.104364136,0.028252808,0.891841088,-0.0790336,0,0,0,0
310219,-0.104497192,0.028376912,0.892080512,-0.079550344,0,0,0,0
314120,-0.104204,0.028475748,0.89199968,-0.080012448,0,0,0,0
318020,-0.104364,0.02846484,0.891853376,-0.080305752,0,0,0,0
321921,-0.104441264,0.02857814,0.891938496,-0.080483336,0,0,0,0
325821,-0.10432652,0.028826508,0.891661952,-0.080968696,0,0,0,0
329722,-0.104500296,0.028704304,0.891934784,-0.081601576,0,0,0,0
333623,-0.104471072,0.02897178,0.89159808,-0.081645328,0,0,0,0
337523,-0.104501104,0.029074524,0.891808064,-0.082098528,0,0,0,0
341424,-0.1043392,0.02904566,0.891476992,-0.082431528,0,0,0,0
345324,-0.104367832,0.028885108,0.891508224,-0.082695688,0,0,0,0
349225,-0.10433188,0.029146128,0.891679616,-0.083146032,0,0,0,0
353126,-0.104275544,0.029230474,0.89139072,-0.083434616,0,0,0,0
357026,-0.104267824,0.029313958,0.891371008,-0.083788216,0,0,0,0
360927,-0.10428792,0.029293952,0.891467968,-0.084229056,0,0,0,0
364827,-0.104366816,0.02932956,0.891335808,-0.084431656,0,0,0,0
368728,-0.10446952,0.029453176,0.891312192,-0.0848104,0,0,0,0
372629,-0.104340696,0.029590258,0.891517504,-0.085153576,0,0,0,0
376529,-0.104467856,0.029720486,0.89129856,-0.085459408,0,0,0,0
380430,-0.104317808,0.02961713,0.891336064,-0.0857832,0,0,0,0
384330,-0.104291032,0.029756378,0.890983552,-0.085890016,0,0,0,0
388231,-0.104336232,0.029769356,0.891200064,-0.086336624,0,0,0,0
392132,-0.10450712,0.029765338,0.891165056,-0.086739464,0,0,0,0
396032,-0.104350216,0.029779378,0.891573184,-0.087032304,0,0,0,0
399933,-0.104441472,0.029840254,0.89101248,-0.08730792,0,0,0,0
403833,-0.104234792,0.029906076,0.89100384,-0.087476032,0,0,0,0
407734,-0.104435328,0.02968522,0.8904304,-0.087884736,0,0,0,0
411634,-0.104331272,0.029825082,0.8907952,-0.088086024,0,0,0,0
415535,-0.104164496,0.030060286,0.890931712,-0.088495408,0,0,0,0
419436,-0.104370992,0.029849818,0.890157696,-0.088706568,0,0,0,0
423336,-0.104191512,0.029957948,0.890693632,-0.0890838,0,0,0,0
427237,-0.104270704,0.03004582,0.890563008,-0.089365256,0,0,0,0
431137,-0.104358072,0.030071112,0.890668096,-0.089659848,0,0,0,0
435038,-0.104361528,0.030057772,0.890797376,-0.089864,0,0,0,0
438939,-0.104283008,0.029985992,0.890542656,-0.090140216,0,0,0,0
442839,-0.104297968,0.030075716,0.890620864,-0.090401856,0,0,0,0
446740,-0.104186336,0.030085026,0.89075648,-0.0908764,0,0,0,0
450640,-0.104427048,0.030157728,0.890604416,-0.091145464,0,0,0,0
454541,-0.104313216,0.030088562,0.89041792,-0.091413592,0,0,0,0
458442,-0.104316088,0.03020173,0.890293568,-0.091777128,0,0,0,0
462342,-0.10428164,0.030161004,0.890675008,-0.0918904,0,0,0,0
466243,-0.104261208,0.030124408,0.890339584,-0.092119632,0,0,0,0
470143,-0.104168848,0.030194572,0.890444544,-0.092418416,0,0,0,0
474044,-0.10423324,0.03014486,0.890395392,-0.09256684,0,0,0,0
477945,-0.1043364,0.030244142,0.890166976,-0.093088488,0,0,0,0
481845,-0.104288928,0.030282282,0.890495104,-0.093388864,0,0,0,0
485746,-0.104377232,0.030174992,0.890368,-0.093669096,0,0,0,0
489646,-0.104327728,0.03021729,0.89025664,-0.093791,0,0,0,0
493547,-0.104277048,0.03030304,0.890210304,-0.094092176,0,0,0,0
497447,-0.104336712,0.030166558,0.890235264,-0.09441648,0,0,0,0
501348,-0.104199744,0.030224674,0.889891776,-0.094605344,0,0,0,0
505249,-0.104254128,0.030115956,0.890172544,-0.094812744,0,0,0,0
509149,-0.10444608,0.03015433,0.890014976,-0.095204608,0,0,0,0
513050,-0.104349216,0.030135088,0.890051456,-0.095659488,0,0,0,0
516950,-0.104500856,0.03015611,0.89018944,-0.095687144,0,0,0,0
520851,-0.104408264,0.03004704,0.889788416,-0.095880344,0,0,0,0
524752,-0.104594432,0.03024491,0.89023424,-0.096334184,0,0,0,0
528652,-0.104644992,0.030130378,0.890127104,-0.09652756,0,0,0,0
532553,-0.10440056,0.030169534,0.889771776,-0.096722104,0,0,0,0
536453,-0.10424212,0.030192468,0.889641856,-0.096882288,0,0,0,0
540354,-0.10444976,0.030055286,0.88951744,-0.097352008,0,0,0,0
544255,-0.104594736,0.030218464,0.889650432,-0.097377736,0,0,0,0
548155,-0.104440944,0.03021712,0.889642112,-0.09775604,0,0,0,0
552056,-0.104373416,0.030008654,0.889507584,-0.097886432,0,0,0,0
555956,-0.104264192,0.03011597,0.889509568,-0.098132632,0,0,0,0
559857,-0.1044074,0.03003172,0.8895888,-0.09841756,0,0,0,0
563757,-0.104473512,0.030079496,0.88926592,-0.098749536,0,0,0,0
567658,-0.104378864,0.030111572,0.889399552,-0.09903884,0,0,0,0
571559,-0.104404368,0.030041464,0.88936896,-0.09916376,0,0,0,0
575459,-0.10449848,0.0300855,0.889351488,-0.09943984,0,0,0,0
579360,-0.104541712,0.02987797,0.889274688,-0.09982828,0,0,0,0
583260,-0.104428816,0.030075952,0.889229248,-0.10006968,0,0,0,0
587161,-0.10458,0.02990175,0.889224576,-0.100320928,0,0,0,0
591062,-0.104624624,0.029956858,0.889154752,-0.100453992,0,0,0,0
594962,-0.104568056,0.029921698,0.889199744,-0.100626984,0,0,0,0
598863,-0.104438368,0.02991136,0.889197888,-0.101194752,0,0,0,0
602763,-0.104546248,0.02979432,0.889092864,-0.101250088,0,0,0,0
606664,-0.104516184,0.029912506,0.889071168,-0.10156884,0,0,0,0
610565,-0.104468552,0.02985809,0.889169856,-0.101590792,0,0,0,0
614465,-0.10451916,0.029905284,0.889039168,-0.102030976,0,0,0,0
618366,-0.104334904,0.029675262,0.888970688,-0.102237512,0,0,0,0
622266,-0.104527744,0.029828566,0.888851584,-0.102529664,0,0,0,0
626167,-0.104581376,0.029814866,0.88904768,-0.102740592,0,0,0,0
630068,-0.104523632,0.029833252,0.888879424,-0.102911024,0,0,0,0
633968,-0.104567256,0.029681006,0.888910016,-0.103086112,0,0,0,0
637869,-0.104617856,0.02960419,0.888671936,-0.103271168,0,0,0,0
641769,-0.104431416,0.02967086,0.888723648,-0.103423992,0,0,0,0
645670,-0.104484384,0.029615076,0.88862112,-0.103799352,0,0,0,0
649570,-0.104594168,0.029663936,0.888468864,-0.10419208,0,0,0,0
653471,-0.104633176,0.029540264,0.888642176,-0.104266448,0,0,0,0
657372,-0.10453356,0.02949088,0.888706944,-0.104584352,0,0,0,0
661272,-0.104328056,0.029466844,0.888739392,-0.104623336,0,0,0,0
665173,-0.104429392,0.029471126,0.88868128,-0.104985064,0,0,0,0
669073,-0.104590168,0.029401624,0.88859072,-0.105457656,0,0,0,0
672974,-0.104661064,0.029356404,0.888428032,-0.105473344,0,0,0,0
672974,-0.10455304,0.0294008,0.888455616,-0.105553592,0,0,0,0
682252,-0.104662312,0.029407566,0.888191872,-0.105933488,0,0,0,0
691531,-0.104681592,0.029303994,0.888368832,-0.10663592,0,0,0,0
700809,-0.104544832,0.029320642,0.888138112,-0.106997704,0,0,0,0
710088,-0.1047086,0.029127598,0.888207936,-0.1079766,0,0,0,0
719366,-0.104592376,0.028988028,0.888109056,-0.108106272,0,0,0,0
728644,-0.104693136,0.02892454,0.887948544,-0.108679304,0,0,0,0
737923,-0.104743,0.028822806,0.88770912,-0.10919816,0,0,0,0
747201,-0.104726048,0.02898187,0.887761152,-0.109922136,0,0,0,0
756480,-0.104860064,0.028686954,0.88765888,-0.11040364,0,0,0,0
765758,-0.104667536,0.028607378,0.887521792,-0.111031088,0,0,0,0
775037,-0.104740008,0.028636002,0.887474944,-0.111437288,0,0,0,0
784315,-0.104667584,0.028458524,0.887432256,-0.11214084,0,0,0,0
793593,-0.104829368,0.028096758,0.887141632,-0.112383848,0,0,0,0
802872,-0.104707152,0.02828632,0.887199104,-0.113161224,0,0,0,0
812150,-0.104797952,0.028242464,0.887191552,-0.113511136,0,0,0,0
821429,-0.104892632,0.027976494,0.887201536,-0.113985592,0,0,0,0
830707,-0.104869264,0.027984076,0.887120128,-0.114463336,0,0,0,0
839985,-0.104933512,0.027900216,0.886670336,-0.115056376,0,0,0,0
849264,-0.104926608,0.027790426,0.886791616,-0.11549056,0,0,0,0
858542,-0.104981664,0.027598812,0.886733184,-0.11602908,0,0,0,0
867821,-0.104862624,0.027394542,0.886660288,-0.116618608,0,0,0,0
877099,-0.105146728,0.027426356,0.886433216,-0.117309528,0,0,0,0
886377,-0.105148792,0.027350196,0.886472128,-0.117664352,0,0,0,0
895656,-0.105003896,0.027208874,0.88633632,-0.118230056,0,0,0,0
904934,-0.104969504,0.027114064,0.88618976,-0.11866828,0,0,0,0
914213,-0.105024424,0.02702133,0.88618944,-0.119290688,0,0,0,0
923491,-0.10500176,0.02697183,0.886148416,-0.119706152,0,0,0,0
932769,-0.105036496,0.026682356,0.885868992,-0.120209064,0,0,0,0
942048,-0.105134784,0.026914526,0.885844608,-0.120446328,0,0,0,0
951326,-0.105155368,0.026717038,0.885715648,-0.121244288,0,0,0,0
960605,-0.105152688,0.026554694,0.885653184,-0.12168684,0,0,0,0
969883,-0.105047592,0.026408904,0.88569088,-0.12216272,0,0,0,0
979162,-0.10529312,0.026223322,0.885467456,-0.122696792,0,0,0,0
988440,-0.105105008,0.026214616,0.88544288,-0.12314452,0,0,0,0
997718,-0.105089352,0.026026322,0.885253056,-0.123658608,0,0,0,0
1006997,-0.105191896,0.025944872,0.885157568,-0.124239608,0,0,0,0
1016275,-0.10518372,0.025644568,0.885138304,-0.124671184,0,0,0,0
1025554,-0.105134656,0.025424006,0.88507584,-0.125224904,0,0,0,0
1034832,-0.105453232,0.025448456,0.88504128,-0.125710432,0,0,0,0
1044110,-0.105296624,0.025313464,0.884979584,-0.126182184,0,0,0,0
1053389,-0.105381896,0.025244206,0.88482528,-0.126706776,0,0,0,0
1062667,-0.1052476,0.025192592,0.884870592,-0.127211336,0,0,0,0
1071946,-0.105357904,0.025064486,0.884610176,-0.127660944,0,0,0,0
1081224,-0.105551384,0.024927396,0.884490112,-0.12803476,0,0,0,0
1090502,-0.105280712,0.024947596,0.884442304,-0.128675384,0,0,0,0
1099781,-0.105537656,0.024714016,0.884465536,-0.129335616,0,0,0,0
1109059,-0.105428416,0.024586096,0.884098432,-0.129824104,0,0,0,0
1118338,-0.10556472,0.024543428,0.884099392,-0.130275208,0,0,0,0
1127616,-0.105544784,0.024211932,0.884120256,-0.13068664,0,0,0,0
1136895,-0.105517384,0.024105648,0.883979648,-0.131223736,0,0,0,0
1146173,-0.105567,0.024093332,0.88376384,-0.13159788,0,0,0,0
1155451,-0.105469296,0.023945172,0.88361824,-0.131965176,0,0,0,0
1164730,-0.105674776,0.023856598,0.883771072,-0.132637632,0,0,0,0
1174008,-0.105578592,0.023683252,0.883688704,-0.132948232,0,0,0,0
1183287,-0.10559932,0.02359908,0.883546816,-0.133606064,0,0,0,0
1192565,-0.105727728,0.023315316,0.883245888,-0.133988512,0,0,0,0
1201843,-0.105860112,0.023338466,0.88340576,-0.134629616,0,0,0,0
1211122,-0.105790624,0.023229764,0.883285184,-0.13518336,0,0,0,0
1220400,-0.105666904,0.022972402,0.88310208,-0.135414176,0,0,0,0
1229679,-0.105796128,0.022813518,0.882948416,-0.1361196,0,0,0,0
1238957,-0.105706032,0.022791694,0.883011008,-0.1363828,0,0,0,0
1248235,-0.106053432,0.022732792,0.882704192,-0.137004592,0,0,0,0
1257514,-0.105781584,0.0225593,0.882739072,-0.137375344,0,0,0,0
1266792,-0.105806992,0.022379456,0.882780736,-0.13798456,0,0,0,0
1276071,-0.105906696,0.022378442,0.882484544,-0.138332816,0,0,0,0
1285349,-0.105841944,0.022160426,0.882624,-0.13900808,0,0,0,0
1294627,-0.105884736,0.022186966,0.882426176,-0.13939976,0,0,0,0
1303906,-0.106165736,0.021954572,0.882313088,-0.139910016,0,0,0,0
1313184,-0.106035736,0.02158846,0.882206912,-0.140345296,0,0,0,0
1322463,-0.106106448,0.021736238,0.881968832,-0.140996736,0,0,0,0
1331741,-0.106219112,0.021480486,0.882116928,-0.1414588,0,0,0,0
1341020,-0.106190592,0.021314658,0.881817536,-0.141917936,0,0,0,0
1350298,-0.106241488,0.021353436,0.881988736,-0.142361904,0,0,0,0
1359576,-0.10609132,0.020934128,0.881750464,-0.142750816,0,0,0,0
1368855,-0.10627408,0.020846078,0.881688448,-0.143423984,0,0,0,0
1378133,-0.106286816,0.020800064,0.881457152,-0.143617248,0,0,0,0
1387412,-0.106245768,0.020800672,0.881406272,-0.144243072,0,0,0,0
1396690,-0.106097656,0.02057092,0.88127712,-0.144489632,0,0,0,0
1405968,-0.106218336,0.020465766,0.88121728,-0.145167824,0,0,0,0
1415247,-0.106253512,0.020161108,0.88096992,-0.145517488,0,0,0,0
1424525,-0.10632248,0.020092652,0.880836672,-0.146125728,0,0,0,0
1433804,-0.10644488,0.019949568,0.88088,-0.146580768,0,0,0,0
1443082,-0.106544536,0.019907372,0.880889216,-0.146910768,0,0,0,0
1452360,-0.106318912,0.019749066,0.880547072,-0.147545584,0,0,0,0
1461639,-0.106524616,0.019534536,0.880562048,-0.147963008,0,0,0,0
1470917,-0.106477048,0.019428364,0.880462656,-0.14846808,0,0,0,0
1480196,-0.106651568,0.01923666,0.880334912,-0.148905568,0,0,0,0
1489474,-0.106532368,0.019295674,0.880344896,-0.149234608,0,0,0,0
1498752,-0.106442944,0.019167552,0.88020096,-0.149830704,0,0,0,0
1508031,-0.1065358,0.018939552,0.880268864,-0.150342272,0,0,0,0
1517309,-0.106445792,0.018933116,0.880032064,-0.15070832,0,0,0,0
1526588,-0.10672228,0.018633974,0.880067008,-0.151230768,0,0,0,0
1535866,-0.106847424,0.018459202,0.8797488,-0.151631088,0,0,0,0
1545145,-0.106668864,0.018419256,0.879758144,-0.152131568,0,0,0,0
1554423,-0.10686484,0.018290582,0.879707904,-0.15257752,0,0,0,0
1563701,-0.106775768,0.018095692,0.879462656,-0.153138832,0,0,0,0
1572980,-0.106813936,0.017936646,0.879451008,-0.153687152,0,0,0,0
1582258,-0.106929272,0.017809972,0.879408896,-0.1541124,0,0,0,0
1591537,-0.106984184,0.017619538,0.879262016,-0.15466768,0,0,0,0
1600815,-0.10698076,0.01734038,0.879035712,-0.15490184,0,0,0,0
1600815,-0.107102376,0.017576044,0.879274304,-0.155024784,0,0,0,0
1622886,-0.107196864,0.017194816,0.878738752,-0.156050128,0,0,0,0
1644956,-0.107109016,0.01697084,0.878591232,-0.157108752,0,0,0,0
1667027,-0.107346184,0.016396795,0.87821984,-0.158436144,0,0,0,0
1689098,-0.107435272,0.016389384,0.878089088,-0.159545312,0,0,0,0
1711169,-0.10740408,0.015747637,0.877967104,-0.1606308,0,0,0,0
1733239,-0.107507544,0.015652784,0.877685824,-0.161536256,0,0,0,0
1755310,-0.10762248,0.015183133,0.877387648,-0.16282872,0,0,0,0
1777381,-0.107740056,0.014786557,0.877239616,-0.1636324,0,0,0,0
1799451,-0.107758872,0.014615221,0.8769968,-0.165118432,0,0,0,0
1821522,-0.107646016,0.014174749,0.876568192,-0.166068016,0,0,0,0
1843593,-0.107907792,0.013816019,0.8763728,-0.167205408,0,0,0,0
1865664,-0.107963432,0.013586793,0.87612,-0.168374608,0,0,0,0
1887734,-0.108034792,0.013158474,0.875886144,-0.169571024,0,0,0,0
1909805,-0.108365408,0.012955996,0.875616128,-0.170436512,0,0,0,0
1931876,-0.108304008,0.012514364,0.875500224,-0.171449264,0,0,0,0
1953947,-0.108263736,0.012062748,0.875035584,-0.172569952,0,0,0,0
1976017,-0.10863108,0.011902596,0.874807488,-0.173817712,0,0,0,0
1998088,-0.10843564,0.011525706,0.874497728,-0.174973984,0,0,0,0
2020159,-0.108632792,0.011062977,0.874138176,-0.176045552,0,0,0,0
2042229,-0.108855224,0.010757918,0.87423168,-0.17713096,0,0,0,0
2064300,-0.108792912,0.010334178,0.87378496,-0.17810904,0,0,0,0
2086371,-0.108947776,0.010265126,0.87360576,-0.179241776,0,0,0,0
2108442,-0.109025192,0.009884873,0.873296064,-0.180301424,0,0,0,0
2130512,-0.10918536,0.009343339,0.87278816,-0.181441632,0,0,0,0
2152583,-0.109154328,0.009234547,0.872657088,-0.18242592,0,0,0,0
2174654,-0.109380416,0.008745649,0.8724992,-0.18375616,0,0,0,0
2196724,-0.109444544,0.008316154,0.87216096,-0.184535488,0,0,0,0
2218795,-0.109628992,0.007946432,0.871903424,-0.185742592,0,0,0,0
2240866,-0.109603304,0.007902622,0.87156736,-0.186825472,0,0,0,0
2262937,-0.109603992,0.007256211,0.871371392,-0.187963888,0,0,0,0
2285007,-0.109818584,0.007067936,0.870922496,-0.189114544,0,0,0,0
2307078,-0.110067512,0.00663149,0.870801984,-0.190104352,0,0,0,0
2329149,-0.110061688,0.006271585,0.87058336,-0.19118848,0,0,0,0
2351219,-0.110030544,0.005958769,0.870088064,-0.192183968,0,0,0,0
2373290,-0.110193792,0.005664084,0.869938112,-0.193259072,0,0,0,0
2395361,-0.110324992,0.005270942,0.86963776,-0.194516672,0,0,0,0
2417432,-0.110492664,0.004876124,0.86942336,-0.19536784,0,0,0,0
2439502,-0.110624208,0.004530903,0.869172416,-0.19648216,0,0,0,0
2461573,-0.110767392,0.004266204,0.868698048,-0.197653808,0,0,0,0
2483644,-0.110921536,0.003844299,0.868603328,-0.198707488,0,0,0,0
2505715,-0.110924144,0.003596791,0.868284544,-0.199766848,0,0,0,0
2527785,-0.11096216,0.003323935,0.8680576,-0.201061104,0,0,0,0
2549856,-0.111181688,0.002790962,0.867853824,-0.201909312,0,0,0,0
2571927,-0.111163456,0.00254195,0.867330304,-0.203229376,0,0,0,0
2593997,-0.111305288,0.002315489,0.867124736,-0.204138784,0,0,0,0
2616068,-0.11145276,0.001934347,0.866716672,-0.20503952,0,0,0,0
2638139,-0.111637208,0.00154926,0.866304064,-0.20624544,0,0,0,0
2660210,-0.111575344,0.001096593,0.866198976,-0.207522768,0,0,0,0
2682280,-0.111876768,0.000859974,0.86586592,-0.208593456,0,0,0,0
2704351,-0.111947264,0.000528795,0.865648064,-0.209573216,0,0,0,0
2726422,-0.11199968,0.000261903,0.865352704,-0.210581936,0,0,0,0
2748492,-0.112219512,-2.7678e-05,0.864942016,-0.211640368,0,0,0,0
2770563,-0.112303672,-0.000423361,0.86452096,-0.212678544,0,0,0,0
2792634,-0.11239612,-0.000843685,0.864363072,-0.213617728,0,0,0,0
2814705,-0.112547,-0.001245088,0.864187392,-0.214669744,0,0,0,0
2836775,-0.112648456,-0.001556306,0.86382112,-0.215698576,0,0,0,0
2858846,-0.112853448,-0.001923285,0.863452352,-0.216900704,0,0,0,0
2880917,-0.112805656,-0.002071088,0.863183296,-0.2181752,0,0,0,0
2902987,-0.112933592,-0.002516622,0.862964608,-0.219134256,0,0,0,0
2925058,-0.113075216,-0.002915498,0.862309696,-0.220034032,0,0,0,0
2947129,-0.11323588,-0.003167162,0.862198592,-0.221237504,0,0,0,0
2969200,-0.113419432,-0.003486473,0.861968896,-0.22211832,0,0,0,0
2991270,-0.113441344,-0.003831561,0.861902528,-0.22334888,0,0,0,0
3013341,-0.113592264,-0.004194344,0.86144832,-0.224284416,0,0,0,0
3035412,-0.113848968,-0.004551069,0.860970112,-0.225455408,0,0,0,0
3057483,-0.113904912,-0.004894753,0.860774208,-0.226462912,0,0,0,0
3079553,-0.114040592,-0.005287951,0.860294784,-0.227499472,0,0,0,0
3101624,-0.11433088,-0.00555209,0.859958656,-0.22851912,0,0,0,0
3123695,-0.114326216,-0.005968134,0.859703808,-0.229749072,0,0,0,0
3145765,-0.114611952,-0.006113559,0.859300928,-0.230642608,0,0,0,0
3167836,-0.114486712,-0.006597587,0.8590672,-0.231627168,0,0,0,0
3189907,-0.114612952,-0.006826774,0.858785344,-0.232913952,0,0,0,0
3211978,-0.114845376,-0.007318495,0.858360704,-0.233852992,0,0,0,0
3234048,-0.114975008,-0.007689474,0.858200704,-0.234834976,0,0,0,0
3256119,-0.115044016,-0.007970215,0.857828608,-0.23592016,0,0,0,0
3278190,-0.115372664,-0.008354148,0.857503616,-0.236931552,0,0,0,0
3300260,-0.115348008,-0.008568191,0.857035968,-0.238086416,0,0,0,0
3322331,-0.11553596,-0.008963003,0.856807872,-0.23906656,0,0,0,0
3344402,-0.115520392,-0.009264672,0.856350016,-0.240069248,0,0,0,0
3366473,-0.115736832,-0.009604434,0.856095808,-0.241197568,0,0,0,0
3388543,-0.115967464,-0.009778258,0.855771456,-0.242189504,0,0,0,0
3410614,-0.116040256,-0.010330652,0.855426304,-0.243204432,0,0,0,0
3432685,-0.11612652,-0.010705007,0.85507488,-0.244437648,0,0,0,0
3454755,-0.116333616,-0.010863655,0.854806656,-0.24544384,0,0,0,0
3476826,-0.11651236,-0.011327397,0.85452352,-0.246514368,0,0,0,0
3498897,-0.116849792,-0.011640932,0.854216512,-0.247669456,0,0,0,0
3520968,-0.116835744,-0.012139268,0.853718848,-0.24855104,0,0,0,0
3543038,-0.117032016,-0.012270181,0.85350944,-0.249474928,0,0,0,0
3565109,-0.117045712,-0.012561256,0.852926272,-0.250680752,0,0,0,0
3587180,-0.117333016,-0.012877859,0.852686528,-0.251697008,0,0,0,0
3609251,-0.117456992,-0.013377788,0.852371904,-0.252641744,0,0,0,0
3631321,-0.117560192,-0.013711599,0.852108352,-0.25356448,0,0,0,0
3653392,-0.117659448,-0.0140239,0.85175808,-0.254722832,0,0,0,0
3675463,-0.11773652,-0.014241206,0.851325184,-0.255825488,0,0,0,0
3697533,-0.117803088,-0.014566977,0.851248512,-0.256864608,0,0,0,0
3719604,-0.118117216,-0.01501262,0.850684224,-0.257827376,0,0,0,0
3741675,-0.118120152,-0.015254135,0.850242368,-0.259020176,0,0,0,0
3763746,-0.118494552,-0.015511545,0.849845632,-0.259959696,0,0,0,0
3785816,-0.118498488,-0.015949578,0.849593344,-0.261016368,0,0,0,0
3807887,-0.118541456,-0.016130224,0.849352704,-0.2621564,0,0,0,0
3807887,-0.118666024,-0.016341283,0.84931648,-0.262291376,0,0,0,0
3860387,-0.119231504,-0.017102168,0.84849536,-0.264537312,0,0,0,0
3912887,-0.119490904,-0.01771797,0.847658752,-0.266937376,0,0,0,0
3965387,-0.119723328,-0.01859543,0.846860288,-0.269496736,0,0,0,0
4017887,-0.120321576,-0.019333068,0.846060224,-0.272024064,0,0,0,0
4070387,-0.12058848,-0.019985678,0.844896896,-0.274524064,0,0,0,0
4122887,-0.121001872,-0.020868668,0.844156928,-0.27693568,0,0,0,0
4175387,-0.121392424,-0.021774792,0.843273216,-0.279192992,0,0,0,0
4227887,-0.121549536,-0.022306406,0.842258752,-0.281642848,0,0,0,0
4280387,-0.122012552,-0.023036304,0.841489152,-0.284197248,0,0,0,0
4332887,-0.12257048,-0.023834226,0.840675968,-0.286583392,0,0,0,0
4385387,-0.122936896,-0.024690428,0.839555712,-0.289042624,0,0,0,0
4437887,-0.123361824,-0.025396926,0.838563712,-0.2914984,0,0,0,0
4490387,-0.123843488,-0.026055466,0.837935936,-0.29366048,0,0,0,0
4542887,-0.124229376,-0.026891952,0.836892928,-0.296223232,0,0,0,0
4595387,-0.12456256,-0.02747156,0.83608,-0.298849536,0,0,0,0
4647887,-0.124893264,-0.028265578,0.834995776,-0.301227776,0,0,0,0
4700387,-0.12552156,-0.02888323,0.834151488,-0.303593312,0,0,0,0
4752887,-0.125792312,-0.029750766,0.833131584,-0.30607824,0,0,0,0
4805387,-0.12613468,-0.030437476,0.831986176,-0.308405504,0,0,0,0
4857887,-0.126620336,-0.031208894,0.831031744,-0.310801984,0,0,0,0
4910387,-0.12713152,-0.032015864,0.83007744,-0.313314848,0,0,0,0
4962887,-0.127471208,-0.03257686,0.829212544,-0.31555216,0,0,0,0
5015387,-0.12805948,-0.033324004,0.828147264,-0.318143584,0,0,0,0
5067887,-0.128265288,-0.033860452,0.827190528,-0.320305376,0,0,0,0
5120387,-0.128834952,-0.034694284,0.82625856,-0.323079104,0,0,0,0
5172886,-0.129174592,-0.035617328,0.825126208,-0.325330688,0,0,0,0
5225386,-0.129609648,-0.036249256,0.82431904,-0.327662208,0,0,0,0
5277886,-0.130177112,-0.036730284,0.823205568,-0.32994128,0,0,0,0
5330386,-0.130479304,-0.037495412,0.822030976,-0.332315968,0,0,0,0
5382886,-0.131042032,-0.038383712,0.821184192,-0.334705696,0,0,0,0
5435386,-0.13148184,-0.0387256,0.82011712,-0.337001728,0,0,0,0
5487886,-0.13191812,-0.039568472,0.818786624,-0.339337088,0,0,0,0
5540386,-0.132358744,-0.040366972,0.818068544,-0.341969376,0,0,0,0
5592886,-0.132962048,-0.040893024,0.81692352,-0.344090208,0,0,0,0
5645386,-0.133289144,-0.041641768,0.81582208,-0.346688416,0,0,0,0
5697886,-0.13375232,-0.042065008,0.814781696,-0.348851904,0,0,0,0
5750386,-0.134356944,-0.042870912,0.813716032,-0.351289312,0,0,0,0
5802886,-0.134810128,-0.043641072,0.812621312,-0.3537616,0,0,0,0
5855386,-0.135307072,-0.044146512,0.81147328,-0.356009536,0,0,0,0
5907886,-0.135768912,-0.044761676,0.81044736,-0.358542304,0,0,0,0
5960386,-0.136177216,-0.045491464,0.809359616,-0.360742144,0,0,0,0
6012886,-0.136706832,-0.046081856,0.808290368,-0.363061152,0,0,0,0
6065386,-0.137190528,-0.046800612,0.807145664,-0.365600128,0,0,0,0
6117886,-0.137674912,-0.047479384,0.806081472,-0.367828288,0,0,0,0
6170386,-0.13834632,-0.04793208,0.804997824,-0.37010576,0,0,0,0
6222886,-0.138773184,-0.048722096,0.803806272,-0.37246464,0,0,0,0
6275386,-0.1393336,-0.049178396,0.802612224,-0.374607616,0,0,0,0
6327886,-0.13965592,-0.04982688,0.801233792,-0.377160576,0,0,0,0
6380386,-0.140102192,-0.050531116,0.800464512,-0.37947408,0,0,0,0
6432886,-0.140659216,-0.051191668,0.79897408,-0.381755456,0,0,0,0
6485386,-0.141117472,-0.051651464,0.798211904,-0.384080864,0,0,0,0
6537886,-0.141801648,-0.052499688,0.796679488,-0.386258112,0,0,0,0
6590386,-0.142190704,-0.052852876,0.79559808,-0.388678624,0,0,0,0
6642886,-0.142831488,-0.053390008,0.794512,-0.390805024,0,0,0,0
6695386,-0.14329384,-0.054006728,0.793185024,-0.393383552,0,0,0,0
6747886,-0.143737952,-0.054590464,0.792179968,-0.395514112,0,0,0,0
6800386,-0.144151824,-0.05526976,0.790989376,-0.397724416,0,0,0,0
6852886,-0.144871536,-0.05595936,0.789831488,-0.40003088,0,0,0,0
6905386,-0.145330048,-0.056382684,0.788345536,-0.402415648,0,0,0,0
6957886,-0.145843616,-0.056837444,0.78736672,-0.404541024,0,0,0,0
7010386,-0.146487376,-0.05745672,0.785881152,-0.406948288,0,0,0,0
7062886,-0.146866416,-0.058003164,0.784854848,-0.409341056,0,0,0,0
7115386,-0.147379904,-0.058703004,0.783662784,-0.411552608,0,0,0,0
7167886,-0.147855056,-0.059235736,0.782428416,-0.413786368,0,0,0,0
7220386,-0.148501296,-0.059752828,0.781121856,-0.416034176,0,0,0,0
7272886,-0.14881856,-0.060050812,0.779907264,-0.418393568,0,0,0,0
7325386,-0.149374944,-0.060591,0.778728896,-0.420528992,0,0,0,0
7377886,-0.149968256,-0.0611552,0.777536384,-0.423087776,0,0,0,0
7430386,-0.150506688,-0.061629732,0.775971456,-0.425106048,0,0,0,0
7482886,-0.15105032,-0.0622969,0.774721152,-0.427354272,0,0,0,0
7535386,-0.151624304,-0.062924632,0.773544832,-0.429612416,0,0,0,0
7587886,-0.151980592,-0.0631368,0.772238912,-0.431696704,0,0,0,0
7640386,-0.152539632,-0.063736408,0.770860032,-0.434359776,0,0,0,0
7692886,-0.15328888,-0.064221392,0.769603456,-0.436274592,0,0,0,0
7745386,-0.153883344,-0.065033668,0.768396544,-0.438649664,0,0,0,0
7797885,-0.154223984,-0.065386968,0.766947264,-0.440805152,0,0,0,0
7850385,-0.154834496,-0.065858664,0.7657232,-0.442886592,0,0,0,0
7902885,-0.155384208,-0.066186228,0.764395072,-0.44511328,0,0,0,0
7955385,-0.155879744,-0.066672668,0.763024192,-0.447440128,0,0,0,0
8007885,-0.156496848,-0.067165096,0.761796032,-0.44978576,0,0,0,0
8060385,-0.156874752,-0.067565208,0.760287936,-0.451758688,0,0,0,0
8112885,-0.157469984,-0.068213792,0.758958976,-0.454008672,0,0,0,0
8165385,-0.15807024,-0.06858964,0.757726976,-0.456160544,0,0,0,0
8217885,-0.15848728,-0.068995368,0.756348352,-0.458395712,0,0,0,0
8270385,-0.15915576,-0.06935548,0.755022464,-0.460633728,0,0,0,0
8322885,-0.15979296,-0.069749464,0.753691968,-0.462732512,0,0,0,0
8375385,-0.160250352,-0.070359584,0.752279552,-0.464869184,0,0,0,0
8427885,-0.160771648,-0.07053232,0.750897728,-0.467084576,0,0,0,0
8480385,-0.161289712,-0.071206976,0.749591104,-0.46934064,0,0,0,0
8532885,-0.16189208,-0.071622832,0.747940224,-0.471331008,0,0,0,0
8585385,-0.162455312,-0.0721262,0.746692032,-0.47363712,0,0,0,0
8637885,-0.163025376,-0.072286392,0.745194112,-0.475853792,0,0,0,0
8690385,-0.163542368,-0.072790688,0.74387744,-0.478143328,0,0,0,0
8742885,-0.164073312,-0.073296168,0.742257152,-0.480114208,0,0,0,0
8795385,-0.164783472,-0.073615184,0.740872128,-0.482130688,0,0,0,0
8847885,-0.165247312,-0.073833048,0.739544448,-0.484456544,0,0,0,0
8900385,-0.1657288,-0.074550832,0.738190144,-0.486670944,0,0,0,0
8952885,-0.166317104,-0.07478624,0.73667872,-0.488816672,0,0,0,0
9005385,-0.166787968,-0.075168184,0.735432448,-0.490628,0,0,0,0
9057885,-0.167443728,-0.075660168,0.7336832,-0.493199808,0,0,0,0
9057885,-0.167379296,-0.075516608,0.733700544,-0.492856224,0,0,0,0
9182768,-0.168800272,-0.07563828,0.72961312,-0.498841408,0,0,0,0
9307650,-0.170141952,-0.075921632,0.725229824,-0.5048176,0,0,0,0
9432533,-0.171835808,-0.07575144,0.721046656,-0.51056368,0,0,0,0
9557415,-0.1733608,-0.076032216,0.716642816,-0.516356096,0,0,0,0
9682298,-0.17448832,-0.076024168,0.712491456,-0.521936768,0,0,0,0
9807181,-0.176249504,-0.076216416,0.707843072,-0.527641408,0,0,0,0
9932063,-0.177719648,-0.076049296,0.703692032,-0.53347008,0,0,0,0
10056946,-0.17898072,-0.076039408,0.698999488,-0.53898912,0,0,0,0
10181828,-0.1805728,-0.075934888,0.694427072,-0.544344704,0,0,0,0
10306711,-0.181989328,-0.075736704,0.68983936,-0.55014144,0,0,0,0
10431594,-0.18351168,-0.075724696,0.685275776,-0.555482432,0,0,0,0
10556476,-0.18490112,-0.07558376,0.68058848,-0.561172352,0,0,0,0
10681359,-0.186360288,-0.075333216,0.675931712,-0.566479424,0,0,0,0
10806242,-0.187734656,-0.075030104,0.6709904,-0.571744,0,0,0,0
10931124,-0.18926656,-0.074958624,0.6662448,-0.57728384,0,0,0,0
11056007,-0.190692944,-0.074481112,0.66132416,-0.582636544,0,0,0,0
11180889,-0.192107184,-0.074232704,0.656473216,-0.588007808,0,0,0,0
11305772,-0.193473424,-0.073797184,0.65145472,-0.592977216,0,0,0,0
11430655,-0.194921712,-0.07340004,0.646611968,-0.598080768,0,0,0,0
11555537,-0.19623088,-0.072911584,0.641429312,-0.603355648,0,0,0,0
11680420,-0.197576912,-0.072536792,0.636501824,-0.608445376,0,0,0,0
11805302,-0.199113216,-0.072131616,0.631148864,-0.613506112,0,0,0,0
11930185,-0.200350752,-0.07169372,0.626203776,-0.61854336,0,0,0,0
12055068,-0.201729744,-0.071066504,0.620844416,-0.623737792,0,0,0,0
12179950,-0.203141568,-0.070578024,0.615855936,-0.628359744,0,0,0,0
12304833,-0.20457616,-0.070022256,0.61048448,-0.633615744,0,0,0,0
12429715,-0.20580816,-0.069354,0.605299328,-0.6383232,0,0,0,0
12554598,-0.207190432,-0.068575488,0.599815296,-0.643068928,0,0,0,0
12679481,-0.208455968,-0.067910144,0.594512512,-0.647759104,0,0,0,0
12804363,-0.20970768,-0.067264928,0.589104128,-0.652495424,0,0,0,0
12929246,-0.210817344,-0.066619008,0.583595904,-0.65698688,0,0,0,0
13054129,-0.212141824,-0.065953768,0.578004672,-0.661937856,0,0,0,0
13179011,-0.213427056,-0.065082164,0.572709376,-0.666467712,0,0,0,0
13303894,-0.214663392,-0.064317436,0.567035328,-0.67100416,0,0,0,0
13428776,-0.215800704,-0.063379824,0.5614608,-0.675435008,0,0,0,0
13553659,-0.21696192,-0.06245318,0.555696,-0.679711488,0,0,0,0
13678542,-0.21821168,-0.061697012,0.550044736,-0.684398144,0,0,0,0
13803424,-0.219237968,-0.0609038,0.54410752,-0.688595392,0,0,0,0
13928307,-0.220257936,-0.059918276,0.53866528,-0.692988416,0,0,0,0
14053189,-0.221271776,-0.058908368,0.532576672,-0.697314048,0,0,0,0
14178072,-0.22239176,-0.057832832,0.52690064,-0.70157728,0,0,0,0
14302955,-0.22360304,-0.056781672,0.521106368,-0.705853888,0,0,0,0
14427837,-0.224725088,-0.055699016,0.515035744,-0.70994208,0,0,0,0
14552720,-0.225618864,-0.054788372,0.509250112,-0.714058432,0,0,0,0
14677602,-0.226685328,-0.053715524,0.503373632,-0.71792544,0,0,0,0
14802485,-0.227528368,-0.052693568,0.497276352,-0.721947328,0,0,0,0
14927368,-0.228550144,-0.051508512,0.491176672,-0.725955264,0,0,0,0
15052250,-0.229533984,-0.050245432,0.48497792,-0.729723456,0,0,0,0
15177133,-0.230488528,-0.04914146,0.479123456,-0.733750912,0,0,0,0
15302016,-0.23132992,-0.048009548,0.472839104,-0.7373936,0,0,0,0
15426898,-0.23200552,-0.046663644,0.466894048,-0.741175872,0,0,0,0
15551781,-0.232974048,-0.045548936,0.460613952,-0.744772736,0,0,0,0
15676663,-0.233740224,-0.044335148,0.454553088,-0.748593216,0,0,0,0
15801546,-0.234436,-0.043016508,0.448007808,-0.752112704,0,0,0,0
15926429,-0.235184096,-0.041748592,0.441827808,-0.755526016,0,0,0,0
16051311,-0.236037616,-0.040503904,0.435503616,-0.759121152,0,0,0,0
16176194,-0.236557632,-0.039142892,0.42921136,-0.762885888,0,0,0,0
16301076,-0.237208176,-0.037819296,0.422754144,-0.765980544,0,0,0,0
16425959,-0.2378512,-0.036481612,0.416525696,-0.769449536,0,0,0,0
16550842,-0.238557744,-0.035102052,0.409780416,-0.77280256,0,0,0,0
16675724,-0.239108624,-0.033789992,0.403295552,-0.776068672,0,0,0,0
16800607,-0.239678976,-0.03231708,0.397045568,-0.779047104,0,0,0,0
16925489,-0.240150688,-0.030886604,0.390294976,-0.782293888,0,0,0,0
17050372,-0.240572768,-0.029429456,0.383829024,-0.785295808,0,0,0,0
17175255,-0.240999408,-0.02802423,0.37734832,-0.788411584,0,0,0,0
17300137,-0.241530016,-0.02645939,0.370748288,-0.791211456,0,0,0,0
17425020,-0.241743184,-0.025220948,0.364330336,-0.794318272,0,0,0,0
17549902,-0.242199248,-0.02375455,0.35744352,-0.797033344,0,0,0,0
17674785,-0.242624576,-0.022028204,0.350834144,-0.800034944,0,0,0,0
17799668,-0.24279096,-0.02062536,0.344096512,-0.802726016,0,0,0,0
17924550,-0.243043248,-0.019135296,0.337293248,-0.805554496,0,0,0,0
18049433,-0.243330352,-0.017642824,0.330712096,-0.808086528,0,0,0,0
18174316,-0.24356048,-0.01616503,0.32378864,-0.810555072,0,0,0,0
18299198,-0.243825456,-0.014431563,0.316827936,-0.813154752,0,0,0,0
18424081,-0.243854112,-0.012877029,0.310019776,-0.815766784,0,0,0,0
18548963,-0.243869056,-0.011387235,0.303277792,-0.818057088,0,0,0,0
18673846,-0.24388392,-0.009672394,0.296219008,-0.82037056,0,0,0,0
18798729,-0.243964368,-0.008187661,0.289233888,-0.822766336,0,0,0,0
18923611,-0.24399984,-0.006626064,0.28247712,-0.82503424,0,0,0,0
19048494,-0.2440192,-0.005016338,0.275424128,-0.82705856,0,0,0,0
19173376,-0.243986912,-0.003497862,0.268376976,-0.829312704,0,0,0,0
19298259,-0.243798208,-0.001971704,0.261352368,-0.831437312,0,0,0,0
19423142,-0.243577472,-0.000249116,0.254176192,-0.83338016,0,0,0,0
19548024,-0.243526352,0.001309141,0.24716872,-0.834947392,0,0,0,0
19672907,-0.24311664,0.002914286,0.240297072,-0.837048384,0,0,0,0
19797789,-0.242911392,0.004408786,0.233155392,-0.83895424,0,0,0,0
19922672,-0.242537216,0.006141874,0.22606776,-0.840712832,0,0,0,0
20047555,-0.24233752,0.007691849,0.218893712,-0.84239552,0,0,0,0
20172437,-0.242002112,0.00941662,0.211836544,-0.843971904,0,0,0,0
20297320,-0.2414632,0.010973236,0.20460408,-0.845545024,0,0,0,0
20422203,-0.241165296,0.012385468,0.197301296,-0.847251968,0,0,0,0
20547085,-0.240707792,0.013989181,0.190340288,-0.848503936,0,0,0,0
20671968,-0.240166864,0.015685592,0.183069072,-0.849996288,0,0,0,0
20796850,-0.239560608,0.017334716,0.175803664,-0.851235776,0,0,0,0
20921733,-0.238986912,0.018952814,0.168560432,-0.852550656,0,0,0,0
21046616,-0.23840816,0.020423872,0.161455312,-0.853934016,0,0,0,0
21171498,-0.237785984,0.021934592,0.154330112,-0.85511648,0,0,0,0
21296381,-0.237088208,0.023628652,0.147205488,-0.856127168,0,0,0,0
21421263,-0.236381904,0.025167652,0.13959656,-0.857249728,0,0,0,0
21546146,-0.235555344,0.02663053,0.132204728,-0.858112832,0,0,0,0
21546146,-0.235514992,0.0264987,0.13229272,-0.858158912,0,0,0,0
21843206,-0.2335212,0.030204616,0.11493968,-0.86038592,0,0,0,0
22140267,-0.231414768,0.03392606,0.097373624,-0.862366528,0,0,0,0
22437327,-0.22902552,0.037386884,0.079962888,-0.863625536,0,0,0,0
22734388,-0.226450816,0.040884784,0.0625384,-0.864769856,0,0,0,0
23031448,-0.223765232,0.04410828,0.044694628,-0.865493568,0,0,0,0
23328508,-0.220647984,0.04718436,0.027127468,-0.865922176,0,0,0,0
23625569,-0.217789104,0.05021018,0.009413167,-0.86610272,0,0,0,0
23922629,-0.214197408,0.053203828,-0.008322965,-0.86561824,0,0,0,0
24219690,-0.210752224,0.056024784,-0.026106284,-0.865099392,0,0,0,0
24516750,-0.206938768,0.058888036,-0.043745756,-0.86387776,0,0,0,0
24813811,-0.203116336,0.061415384,-0.061471008,-0.862689792,0,0,0,0
25110871,-0.199251856,0.063809552,-0.07950284,-0.861007616,0,0,0,0
25407931,-0.19492104,0.06589166,-0.097321184,-0.858708736,0,0,0,0
25704992,-0.190519696,0.067951056,-0.114658592,-0.856014272,0,0,0,0
26002052,-0.185825392,0.069784072,-0.132734704,-0.853380416,0,0,0,0
26299113,-0.181082912,0.071327616,-0.150390512,-0.850180352,0,0,0,0
26596173,-0.17627888,0.072770136,-0.168172096,-0.846438592,0,0,0,0
26893233,-0.171415904,0.073998472,-0.185617072,-0.842691904,0,0,0,0
27190294,-0.1661756,0.074880856,-0.203289632,-0.838360512,0,0,0,0
27487354,-0.161133312,0.075681928,-0.220953088,-0.833472448,0,0,0,0
27784415,-0.155758112,0.076095736,-0.2383556,-0.828012736,0,0,0,0
28081475,-0.150365648,0.076390464,-0.255924352,-0.822480768,0,0,0,0
28378535,-0.144783488,0.076365808,-0.27318032,-0.816178816,0,0,0,0
28675596,-0.139206144,0.07618348,-0.290310464,-0.809957696,0,0,0,0
28972656,-0.133821088,0.075729952,-0.307656,-0.803155584,0,0,0,0
29269717,-0.127987696,0.0747998,-0.324658784,-0.796130048,0,0,0,0
29566777,-0.12225256,0.073625728,-0.341554848,-0.788464192,0,0,0,0
29863837,-0.116657296,0.072374432,-0.358455488,-0.780451968,0,0,0,0
30160898,-0.110991512,0.070693376,-0.375038016,-0.772283008,0,0,0,0
30457958,-0.105190304,0.06867872,-0.39168704,-0.763572544,0,0,0,0
30755019,-0.099560416,0.06651158,-0.407858304,-0.754282496,0,0,0,0
31052079,-0.094044664,0.063937672,-0.424105312,-0.745049984,0,0,0,0
31349140,-0.088323256,0.061022456,-0.440295456,-0.735020608,0,0,0,0
31646200,-0.082975064,0.057961336,-0.456004992,-0.724778176,0,0,0,0
31943260,-0.077410968,0.05423334,-0.47167552,-0.714168256,0,0,0,0
32240321,-0.072338192,0.05063558,-0.487112768,-0.703222464,0,0,0,0
32537381,-0.06706,0.046756988,-0.502558176,-0.691691456,0,0,0,0
32834442,-0.062115744,0.042236108,-0.51750432,-0.679961984,0,0,0,0
33131502,-0.057374892,0.03771624,-0.53232288,-0.667840256,0,0,0,0
33428562,-0.052516268,0.032918744,-0.546839296,-0.655407744,0,0,0,0
33725623,-0.048149828,0.027668332,-0.561106944,-0.642492224,0,0,0,0
34022683,-0.043887364,0.022289836,-0.575110464,-0.629473856,0,0,0,0
34319744,-0.039999372,0.016514155,-0.588812608,-0.615869312,0,0,0,0
34616804,-0.03615152,0.010597678,-0.602412992,-0.601858688,0,0,0,0
34913864,-0.032459438,0.004423688,-0.615685248,-0.587568128,0,0,0,0
35210925,-0.029293442,-0.002016162,-0.628578368,-0.573008704,0,0,0,0
35507985,-0.0264925,-0.008620522,-0.641014912,-0.558194752,0,0,0,0
35805046,-0.023765242,-0.01527498,-0.653277248,-0.54280192,0,0,0,0
36102106,-0.021469488,-0.022107046,-0.665531008,-0.527225312,0,0,0,0
36399167,-0.019449288,-0.029231682,-0.676759296,-0.51105488,0,0,0,0
36696227,-0.017809556,-0.036370076,-0.687899264,-0.494799808,0,0,0,0
36993287,-0.016551694,-0.04358544,-0.698901504,-0.478106688,0,0,0,0
37290348,-0.015579539,-0.050921584,-0.709495936,-0.461232384,0,0,0,0
37587408,-0.01511579,-0.058579656,-0.719726592,-0.44390528,0,0,0,0
37884469,-0.014831627,-0.065839544,-0.729095936,-0.426212064,0,0,0,0
38181529,-0.015128026,-0.073332824,-0.738477824,-0.408567712,0,0,0,0
38478589,-0.015749649,-0.080934936,-0.747575232,-0.39052448,0,0,0,0
38775650,-0.016746406,-0.088174752,-0.755877056,-0.371990464,0,0,0,0
39072710,-0.017846478,-0.09583236,-0.764082048,-0.353536064,0,0,0,0
39369771,-0.019609116,-0.1031734,-0.77179296,-0.334812928,0,0,0,0
39666831,-0.022008458,-0.110438168,-0.779069888,-0.315502336,0,0,0,0
39963891,-0.02442163,-0.117577504,-0.785834496,-0.29629616,0,0,0,0
40260952,-0.02725338,-0.124435784,-0.792418304,-0.276853248,0,0,0,0
40558012,-0.030503984,-0.131276328,-0.798052288,-0.25713032,0,0,0,0
40855073,-0.034003304,-0.137862864,-0.803554752,-0.236897568,0,0,0,0
41152133,-0.038102472,-0.144169712,-0.808484096,-0.21688088,0,0,0,0
41449193,-0.04239352,-0.150370272,-0.812911296,-0.196329552,0,0,0,0
41746254,-0.047099212,-0.156316624,-0.816928256,-0.175955088,0,0,0,0
42043314,-0.05200136,-0.161784752,-0.820522048,-0.155135888,0,0,0,0
42340375,-0.057042504,-0.166990912,-0.823536832,-0.134428816,0,0,0,0
42637435,-0.062287284,-0.171968928,-0.82623936,-0.113304816,0,0,0,0
42934496,-0.068084384,-0.176392384,-0.828073984,-0.092017608,0,0,0,0
43231556,-0.0739734,-0.180592688,-0.829588288,-0.070824272,0,0,0,0
43528616,-0.079995968,-0.184227152,-0.830737984,-0.049070304,0,0,0,0
43825677,-0.086475816,-0.187674944,-0.830938176,-0.027638134,0,0,0,0
44122737,-0.09286236,-0.190377088,-0.830895808,-0.006047939,0,0,0,0
44419798,-0.099349816,-0.193035248,-0.83031328,0.015756386,0,0,0,0
44716858,-0.105964384,-0.19493728,-0.828998208,0.037771652,0,0,0,0
45013918,-0.112744936,-0.19642704,-0.827327616,0.059842048,0,0,0,0
45310979,-0.119389552,-0.1973492,-0.82484768,0.08207624,0,0,0,0
45608039,-0.125876264,-0.197852384,-0.821775168,0.10394928,0,0,0,0
45905100,-0.13244124,-0.198058096,-0.818036608,0.126612856,0,0,0,0
46202160,-0.139239424,-0.197306656,-0.813645056,0.148872448,0,0,0,0
46499220,-0.145509104,-0.196378176,-0.808974592,0.171158608,0,0,0,0
46796281,-0.151788672,-0.194996848,-0.803342528,0.193566064,0,0,0,0
47093341,-0.158059936,-0.192914624,-0.797195136,0.216065504,0,0,0,0
47390402,-0.163763472,-0.190407072,-0.79013888,0.238462288,0,0,0,0
47687462,-0.169315152,-0.1873228,-0.783048832,0.260834016,0,0,0,0
47984522,-0.174555168,-0.183978976,-0.774848192,0.283209344,0,0,0,0
48281583,-0.179630192,-0.179870272,-0.76568864,0.305734528,0,0,0,0
48578643,-0.184077088,-0.175193936,-0.756038272,0.328010528,0,0,0,0
48875704,-0.188101664,-0.1702768,-0.745648192,0.35038736,0,0,0,0
49172764,-0.191659936,-0.164794736,-0.734438976,0.372633536,0,0,0,0
49469825,-0.194653808,-0.159085104,-0.72217664,0.394701408,0,0,0,0
49766885,-0.19689384,-0.152877696,-0.709703296,0.41672032,0,0,0,0
50063945,-0.198540752,-0.14610496,-0.696009216,0.438454144,0,0,0,0
50361006,-0.199662816,-0.139194576,-0.681312448,0.460195232,0,0,0,0
50658066,-0.200105744,-0.13193788,-0.665977152,0.481407776,0,0,0,0
50955127,-0.199657856,-0.124626784,-0.64961472,0.50279664,0,0,0,0
51252187,-0.198194992,-0.11658052,-0.632197184,0.523517312,0,0,0,0
51252187,-0.198267696,-0.116617768,-0.632296896,0.523498528,0,0,0,0
51958810,-0.191347008,-0.097964624,-0.587067968,0.571413184,0,0,0,0
52665432,-0.178703808,-0.079323448,-0.5361976,0.61690912,0,0,0,0
53372055,-0.159605872,-0.061857728,-0.478941728,0.658420672,0,0,0,0
54078678,-0.133732408,-0.04738108,-0.415764832,0.69534624,0,0,0,0
54785300,-0.100619464,-0.0373213,-0.346393152,0.725563712,0,0,0,0
55491923,-0.061336596,-0.03421076,-0.271523968,0.74791232,0,0,0,0
56198546,-0.016027805,-0.040384532,-0.192114032,0.761011584,0,0,0,0
56905168,0.03272894,-0.05823292,-0.109998808,0.763330432,0,0,0,0
57611791,0.08219776,-0.089838808,-0.026808818,0.753704704,0,0,0,0
58318414,0.128183472,-0.136489008,0.054674136,0.731246656,0,0,0,0
59025036,0.166342816,-0.197535952,0.131415816,0.696448896,0,0,0,0
59731659,0.191537584,-0.271194656,0.200710608,0.650068672,0,0,0,0
60438282,0.200480304,-0.353391296,0.259669568,0.594391616,0,0,0,0
61144904,0.190195504,-0.4386912,0.30717376,0.532072608,0,0,0,0
61851527,0.161511728,-0.521153696,0.342016,0.465850112,0,0,0,0
62558150,0.116126088,-0.595884928,0.364164032,0.399333888,0,0,0,0
63264772,0.058006956,-0.659658304,0.374969248,0.334607328,0,0,0,0
63971395,-0.008956608,-0.709900928,0.375955968,0.27438256,0,0,0,0
64678018,-0.080680248,-0.746574208,0.368568352,0.21940416,0,0,0,0
65384640,-0.153622144,-0.770368704,0.355444928,0.170657168,0,0,0,0
66091263,-0.225112384,-0.782754752,0.338017152,0.128608064,0,0,0,0
66797886,-0.293771744,-0.785432832,0.317793664,0.092843424,0,0,0,0
67504508,-0.358487264,-0.780335936,0.296135232,0.062936008,0,0,0,0
68211131,-0.418468352,-0.76900896,0.27384384,0.038405072,0,0,0,0
68917754,-0.473350464,-0.752922688,0.251979648,0.018103576,0,0,0,0
69624376,-0.52364224,-0.732808,0.230640528,0.002262176,0,0,0,0
70330999,-0.569470208,-0.710241472,0.210293216,-0.010375429,0,0,0,0
71037622,-0.611170368,-0.68571456,0.191202976,-0.02049396,0,0,0,0
71744244,-0.64871776,-0.65968864,0.17371928,-0.027934074,0,0,0,0
72450867,-0.682699648,-0.6327056,0.15722808,-0.033492744,0,0,0,0
73157490,-0.713700416,-0.605388288,0.14210768,-0.037423,0,0,0,0
73864112,-0.74173344,-0.577492352,0.128190864,-0.040035932,0,0,0,0
74570735,-0.766909312,-0.549554368,0.115908016,-0.041855824,0,0,0,0
75277358,-0.789741312,-0.521766176,0.104483192,-0.04288484,0,0,0,0
75983980,-0.810161536,-0.494203104,0.09389796,-0.04317402,0,0,0,0
76690603,-0.8288288,-0.466936352,0.084870984,-0.0428588,0,0,0,0
77397226,-0.845959232,-0.439787136,0.076376672,-0.0421514,0,0,0,0
78103848,-0.860961664,-0.413063712,0.068712096,-0.041120824,0,0,0,0
78810471,-0.87483872,-0.386801696,0.06167378,-0.04004584,0,0,0,0
79517094,-0.887037952,-0.361163424,0.055492232,-0.038368232,0,0,0,0
80223716,-0.89830272,-0.335777504,0.049897324,-0.037027568,0,0,0,0
80930339,-0.9084112,-0.310811648,0.04500218,-0.03555252,0,0,0,0
81636962,-0.91712448,-0.28625168,0.040602816,-0.033820768,0,0,0,0
82343584,-0.92541344,-0.26244736,0.036324056,-0.032070834,0,0,0,0
83050207,-0.932240384,-0.238687968,0.032414352,-0.03073401,0,0,0,0
83756830,-0.938744064,-0.215716,0.029201762,-0.028774984,0,0,0,0
84463452,-0.944264192,-0.19271816,0.026120296,-0.027494942,0,0,0,0
85170075,-0.948961536,-0.170328416,0.023334092,-0.025711516,0,0,0,0
85876698,-0.953221888,-0.148511968,0.02108532,-0.024222508,0,0,0,0
86583321,-0.956846784,-0.126930144,0.018619974,-0.022689802,0,0,0,0
87289943,-0.959663872,-0.10572144,0.016972852,-0.021446972,0,0,0,0
87996566,-0.962098112,-0.085043488,0.015103184,-0.020063788,0,0,0,0
88703189,-0.96401632,-0.064485468,0.013542851,-0.018647284,0,0,0,0
89409811,-0.965300288,-0.04463286,0.011990081,-0.017604526,0,0,0,0
90116434,-0.966444736,-0.024886618,0.010866589,-0.016375417,0,0,0,0
90823057,-0.96688352,-0.005684531,0.009503613,-0.015401938,0,0,0,0
91529679,-0.96698144,0.013332558,0.008430791,-0.014285536,0,0,0,0
92236302,-0.96676544,0.032049512,0.007526799,-0.013206549,0,0,0,0
92942925,-0.965960576,0.05033848,0.006768496,-0.012160215,0,0,0,0
93649547,-0.965095936,0.068326216,0.006030554,-0.011304084,0,0,0,0
94356170,-0.963727232,0.085983256,0.005200343,-0.010639358,0,0,0,0
95062793,-0.962146496,0.103625288,0.004690158,-0.009755678,0,0,0,0
95769415,-0.960226624,0.120834016,0.004150345,-0.009046431,0,0,0,0
96476038,-0.958102656,0.137719264,0.003510422,-0.008213751,0,0,0,0
97182661,-0.955491648,0.154484848,0.00332111,-0.007547544,0,0,0,0
97889283,-0.952745728,0.170615504,0.002787128,-0.007189364,0,0,0,0
98595906,-0.94981664,0.186681264,0.002686776,-0.006444899,0,0,0,0
99302529,-0.946688576,0.202523296,0.002390387,-0.005653286,0,0,0,0
100009151,-0.943308096,0.218235728,0.001979573,-0.005427655,0,0,0,0
100715774,-0.9396192,0.233278096,0.001665043,-0.004695126,0,0,0,0
101422397,-0.935710784,0.248302944,0.001346182,-0.004284906,0,0,0,0
102129019,-0.931783168,0.263319856,0.0012139,-0.003857137,0,0,0,0
102835642,-0.927591488,0.277677024,0.00124996,-0.003563698,0,0,0,0
103542265,-0.92320064,0.2922208,0.001099304,-0.003113507,0,0,0,0
104248887,-0.918278464,0.306536736,0.000825757,-0.0029042,0,0,0,0
104955510,-0.913815552,0.32018784,0.000879752,-0.002524051,0,0,0,0
105662133,-0.909052288,0.333993728,0.000820781,-0.002069795,0,0,0,0
106368755,-0.903758464,0.347551776,0.000559035,-0.001920929,0,0,0,0
107075378,-0.89859168,0.360815008,0.000492158,-0.001497767,0,0,0,0
107782001,-0.893232,0.373922944,0.000440144,-0.001469006,0,0,0,0
108488623,-0.887677504,0.386903392,0.000316945,-0.00122657,0,0,0,0
109195246,-0.882110784,0.399114208,0.000642743,-0.000944667,0,0,0,0
109901869,-0.876502528,0.412061888,0.000370543,-0.000788734,0,0,0,0
110608491,-0.870697472,0.424187712,0.000300166,-0.000738078,0,0,0,0
111315114,-0.864698176,0.436441248,0.000414313,-0.000520521,0,0,0,0
112021737,-0.858596608,0.44794304,0.000245592,-0.000268354,0,0,0,0
112728359,-0.85246784,0.45994992,0.000262412,-0.000153283,0,0,0,0
113434982,-0.845931584,0.471455008,0.000238363,-1.026e-05,0,0,0,0
114141605,-0.839590912,0.48288352,0.000244281,0.00028333,0,0,0,0
114848227,-0.832929536,0.493930592,0.000152294,0.000158761,0,0,0,0
115554850,-0.825949376,0.504426528,0.000188268,0.000413566,0,0,0,0
116261473,-0.81948896,0.515880096,0.000236233,0.000417475,0,0,0,0
116968095,-0.81285056,0.526660992,0.000284013,0.000563287,0,0,0,0
117674718,-0.80564768,0.537359808,0.000484511,0.000776368,0,0,0,0
118381341,-0.798565568,0.547553152,0.000338877,0.000703602,0,0,0,0
119087963,-0.791304064,0.557842304,-1.3992e-05,0.000652359,0,0,0,0
119794586,-0.784145024,0.56800544,0.000240272,0.000818386,0,0,0,0
120501209,-0.776211904,0.578437632,0.000372148,0.001011215,0,0,0,0
121207831,-0.768716096,0.58750016,0.000337771,0.001036724,0,0,0,0
121914454,-0.761297856,0.59811424,0.000292725,0.000920933,0,0,0,0
121914454,-0.761484032,0.59733248,0.000332649,0.001060368,0,0,0,0
123595309,-0.74514208,0.618860096,0.000423817,0.001147198,0,0,0,0
125276165,-0.725074112,0.640621952,0.000420387,0.001152095,0,0,0,0
126957020,-0.706833088,0.662275968,0.000585439,0.001188197,0,0,0,0
128637876,-0.687730176,0.682479232,0.000518717,0.001276233,0,0,0,0
130318731,-0.670570048,0.696822848,0.00050759,0.001261895,0,0,0,0
131999587,-0.645521344,0.720940416,0.000537081,0.001207083,0,0,0,0
133680442,-0.628382272,0.736393152,0.000541985,0.001215819,0,0,0,0
135361298,-0.607889856,0.754063488,0.000612409,0.001307706,0,0,0,0
137042153,-0.594451968,0.768708096,0.000692904,0.001153165,0,0,0,0
138723009,-0.56667456,0.7855696,0.000616382,0.001161067,0,0,0,0
140403864,-0.545819328,0.800297536,0.000658694,0.001168484,0,0,0,0
142084720,-0.524305696,0.815175488,0.000667058,0.001186807,0,0,0,0
143765575,-0.503108256,0.828169664,0.00063419,0.001154737,0,0,0,0
145446430,-0.481215488,0.84078976,0.000669085,0.001069656,0,0,0,0
147127286,-0.459187552,0.85301632,0.000679704,0.001129411,0,0,0,0
148808141,-0.436977632,0.864305344,0.000631537,0.001046039,0,0,0,0
150488997,-0.416542912,0.874699264,0.000707177,0.00103211,0,0,0,0
152169852,-0.3935184,0.88452768,0.000714028,0.000931036,0,0,0,0
153850708,-0.371254016,0.894760832,0.000697136,0.000956172,0,0,0,0
155531563,-0.34911088,0.90341344,0.000695157,0.000893381,0,0,0,0
157212419,-0.326496256,0.911743616,0.000802893,0.00088201,0,0,0,0
158893274,-0.304175488,0.919950912,0.000670337,0.000820683,0,0,0,0
160574130,-0.282214528,0.927039296,0.000756095,0.000751064,0,0,0,0
162254985,-0.25933424,0.933162112,0.000680079,0.00075085,0,0,0,0
163935841,-0.236453744,0.939195968,0.000711169,0.000729577,0,0,0,0
165616696,-0.214433152,0.944835968,0.000704789,0.000695629,0,0,0,0
167297551,-0.191842272,0.949792448,0.000806153,0.000581774,0,0,0,0
168978407,-0.169478976,0.95441312,0.000602687,0.000677798,0,0,0,0
170659262,-0.147262288,0.957674816,0.000540163,0.000471982,0,0,0,0
172340118,-0.124370448,0.960861056,0.0006153,0.00056084,0,0,0,0
174020973,-0.102055776,0.963808256,0.00052457,0.000496272,0,0,0,0
175701829,-0.079204288,0.965897472,0.000500623,0.000480998,0,0,0,0
177382684,-0.057143944,0.967651584,0.000506094,0.000441928,0,0,0,0
179063540,-0.034568832,0.968964096,0.000474906,0.000428494,0,0,0,0
180744395,-0.012086298,0.969721856,0.000368544,0.000410957,0,0,0,0
182425251,0.00964433,0.969515776,0.000465894,0.000446313,0,0,0,0
184106106,0.032018256,0.9690064,0.000456553,0.000339514,0,0,0,0
185786961,0.05426702,0.967955264,0.000354384,0.000402986,0,0,0,0
187467817,0.076425544,0.966514496,0.000342817,0.000358311,0,0,0,0
189148672,0.09827008,0.964747328,0.000294502,0.000344576,0,0,0,0
190829528,0.120135872,0.96200064,0.00037107,0.000277431,0,0,0,0
192510383,0.14174528,0.958979264,0.000361466,0.0002984,0,0,0,0
194191239,0.163254432,0.955901568,0.000403802,0.000369989,0,0,0,0
195872094,0.184888368,0.95138144,0.000315249,0.00026917,0,0,0,0
197552950,0.205912144,0.946982848,0.000332956,0.000291262,0,0,0,0
199233805,0.227021344,0.94177696,0.000273505,0.000292852,0,0,0,0
200914661,0.248153248,0.936146816,0.000253659,0.000296989,0,0,0,0
202595516,0.269181376,0.930380672,0.000276618,0.000267015,0,0,0,0
204276372,0.28979776,0.92382272,0.000290502,0.000176023,0,0,0,0
205957227,0.310316448,0.916960448,0.000259063,0.00024546,0,0,0,0
207638082,0.330579648,0.909805568,0.000207303,0.000319725,0,0,0,0
209318938,0.350735072,0.90169408,0.000223549,0.000308388,0,0,0,0
210999793,0.370357632,0.893874496,0.00023068,0.000256583,0,0,0,0
212680649,0.390113536,0.88513184,0.00020411,0.000159803,0,0,0,0
214361504,0.409677536,0.876343168,0.000229424,0.000277155,0,0,0,0
216042360,0.428464064,0.86688128,0.000165838,0.00023482,0,0,0,0
217723215,0.447541408,0.856957056,0.000275343,0.000193135,0,0,0,0
219404071,0.466270528,0.84706208,0.000229802,0.000240344,0,0,0,0
221084926,0.4846576,0.836257472,0.000139703,0.000171157,0,0,0,0
222765782,0.502827808,0.825120384,0.000186534,0.00024497,0,0,0,0
224446637,0.520698912,0.813666432,0.000173631,0.000267715,0,0,0,0
226127493,0.538577408,0.801667136,0.000125854,0.000310799,0,0,0,0
227808348,0.556017408,0.78959456,0.000195363,0.00030161,0,0,0,0
229489203,0.573290176,0.776623488,9.87e-05,0.000347305,0,0,0,0
231170059,0.590247168,0.764060288,8.9157e-05,0.00026494,0,0,0,0
232850914,0.6066128,0.750174016,9.309e-05,0.000255641,0,0,0,0
234531770,0.623168128,0.73649856,3.6928e-05,0.000300372,0,0,0,0
236212625,0.639020416,0.722446336,-6.0912e-05,0.000368223,0,0,0,0
237893481,0.654760192,0.707883072,5.3303e-05,0.000364861,0,0,0,0
239574336,0.670076672,0.693178048,-1.0531e-05,0.000380914,0,0,0,0
241255192,0.685335168,0.678388672,2.7022e-05,0.000321224,0,0,0,0
242936047,0.699734912,0.663015872,6.019e-05,0.00035269,0,0,0,0
244616903,0.714310144,0.6472352,-1.5628e-05,0.000318164,0,0,0,0
246297758,0.728151488,0.631532672,3.705e-06,0.000326673,0,0,0,0
247978614,0.742038592,0.615523456,-9.3067e-05,0.000381421,0,0,0,0
249659469,0.755116992,0.599241408,-5.8742e-05,0.000328817,0,0,0,0
251340324,0.768141504,0.582374848,-7.7088e-05,0.000345039,0,0,0,0
253021180,0.78044352,0.565521984,-6.4592e-05,0.000355682,0,0,0,0
254702035,0.792717952,0.548642048,-2.202e-05,0.00035842,0,0,0,0
256382891,0.804340288,0.531266144,-1.6339e-05,0.000349431,0,0,0,0
258063746,0.816005248,0.514367296,-0.000138235,0.000363296,0,0,0,0
259744602,0.826634496,0.496157504,-7.6697e-05,0.000324527,0,0,0,0
261425457,0.83730528,0.47855296,-3.1628e-05,0.000406799,0,0,0,0
263106313,0.847404096,0.460760928,-5.7411e-05,0.000269898,0,0,0,0
264787168,0.857411328,0.442516096,-5.0702e-05,0.000284298,0,0,0,0
266468024,0.866576384,0.424531648,-0.000101007,0.000264978,0,0,0,0
268148879,0.875351296,0.405912704,-0.000111644,0.000316219,0,0,0,0
269829734,0.884198144,0.387604608,-8.3302e-05,0.000322821,0,0,0,0
271510590,0.892372992,0.368573184,-9.8246e-05,0.000369557,0,0,0,0
273191445,0.899734528,0.349724384,-7.825e-06,0.000373461,0,0,0,0
274872301,0.907220608,0.330520064,-0.00015565,0.000422006,0,0,0,0
276553156,0.91405312,0.310955424,-0.000100114,0.000395819,0,0,0,0
278234012,0.920481856,0.291478112,-0.000137378,0.000462608,0,0,0,0
279914867,0.926535232,0.27189968,-0.000160415,0.00045834,0,0,0,0
281595723,0.932362112,0.251803552,-0.000157498,0.00051401,0,0,0,0
283276578,0.937586112,0.231974464,-0.000278183,0.000467813,0,0,0,0
284957434,0.942087232,0.212033056,-0.000280706,0.000539937,0,0,0,0
286638289,0.946067136,0.191898496,-0.00016627,0.000533221,0,0,0,0
288319145,0.950121664,0.17174528,-0.000299448,0.000527815,0,0,0,0
290000000,0.95376704,0.151606928,-0.000197026,0.000568263,0,0,0,0
